crim;zn;chas;nox;rad;tax;ptratio;black;indus;rm;age;dis;lstat;medv
0.00632;18;0;0.538;1;296;15.3;396.9;2.31;6.575;65.2;4.09;4.98;24
0.02731;0;0;0.469;2;242;17.8;396.9;7.07;6.421;78.9;4.9671;9.14;21.6
0.02729;0;0;0.469;2;242;17.8;392.83;7.07;7.185;NA;4.9671;4.03;34.7
0.03237;0;0;0.458;3;222;18.7;394.63;NA;6.998;45.8;6.0622;2.94;33.4
0.06905;0;0;0.458;3;222;18.7;396.9;2.18;7.147;54.2;6.0622;NA;36.2
0.02985;0;0;0.458;3;222;18.7;394.12;2.18;6.43;58.7;6.0622;5.21;28.7
0.08829;12.5;0;0.524;5;311;15.2;395.6;7.87;6.012;66.6;5.5605;12.43;22.9
0.14455;12.5;0;0.524;5;311;15.2;396.9;7.87;6.172;96.1;5.9505;19.15;27.1
0.21124;12.5;0;0.524;5;311;15.2;386.63;7.87;5.631;100;6.0821;29.93;16.5
0.17004;12.5;0;0.524;5;311;15.2;386.71;7.87;6.004;85.9;6.5921;17.1;18.9
0.22489;12.5;0;0.524;5;311;15.2;392.52;7.87;6.377;94.3;6.3467;20.45;15
0.11747;12.5;0;0.524;5;311;15.2;396.9;7.87;6.009;82.9;6.2267;13.27;18.9
0.09378;12.5;0;0.524;5;311;15.2;390.5;7.87;5.889;39;5.4509;15.71;21.7
0.62976;0;0;0.538;4;307;21;396.9;8.14;5.949;61.8;4.7075;8.26;20.4
0.63796;0;0;0.538;4;307;21;380.02;8.14;6.096;NA;4.4619;10.26;18.2
0.62739;0;0;0.538;4;307;21;395.62;8.14;5.834;56.5;4.4986;8.47;19.9
1.05393;0;0;0.538;4;307;21;386.85;8.14;5.935;29.3;4.4986;6.58;23.1
0.7842;0;0;0.538;4;307;21;386.75;8.14;5.99;NA;4.2579;14.67;17.5
0.80271;0;0;0.538;4;307;21;288.99;NA;5.456;36.6;3.7965;11.69;20.2
0.7258;0;0;0.538;4;307;21;390.95;8.14;5.727;69.5;3.7965;11.28;18.2
1.25179;0;0;0.538;4;307;21;376.57;8.14;5.57;98.1;3.7979;21.02;13.6
0.85204;0;0;0.538;4;307;21;392.53;8.14;5.965;89.2;4.0123;13.83;19.6
1.23247;0;0;0.538;4;307;21;396.9;8.14;6.142;91.7;3.9769;18.72;15.2
0.98843;0;0;0.538;4;307;21;394.54;8.14;5.813;100;4.0952;19.88;14.5
0.75026;0;0;0.538;4;307;21;394.33;8.14;5.924;NA;4.3996;16.3;15.6
0.84054;0;0;0.538;4;307;21;303.42;8.14;5.599;85.7;4.4546;16.51;13.9
0.67191;0;0;0.538;4;307;21;376.88;8.14;NA;90.3;4.682;14.81;16.6
0.95577;0;0;0.538;4;307;21;306.38;8.14;6.047;88.8;NA;17.28;14.8
0.77299;0;0;0.538;4;307;21;387.94;8.14;6.495;94.4;4.4547;12.8;18.4
1.00245;0;0;0.538;4;307;21;380.23;8.14;6.674;87.3;4.239;11.98;21
1.13081;0;0;0.538;4;307;21;360.17;8.14;5.713;94.1;4.233;22.6;12.7
1.35472;0;0;0.538;4;307;21;376.73;8.14;6.072;100;4.175;13.04;14.5
1.38799;0;0;0.538;4;307;21;232.6;8.14;5.95;82;3.99;27.71;13.2
1.15172;0;0;0.538;4;307;21;358.77;8.14;5.701;95;3.7872;18.35;13.1
1.61282;0;0;0.538;4;307;21;248.31;8.14;6.096;96.9;3.7598;20.34;13.5
0.06417;0;0;0.499;5;279;19.2;396.9;5.96;NA;68.2;3.3603;9.68;18.9
0.09744;0;0;0.499;5;279;19.2;377.56;5.96;5.841;61.4;3.3779;11.41;20
0.08014;0;0;0.499;5;279;19.2;396.9;5.96;5.85;41.5;3.9342;8.77;21
0.17505;0;0;0.499;5;279;19.2;393.43;5.96;5.966;30.2;NA;10.13;24.7
0.02763;75;0;0.428;3;252;18.3;395.63;2.95;6.595;21.8;5.4011;4.32;30.8
0.03359;75;0;0.428;3;252;18.3;395.62;2.95;7.024;15.8;5.4011;1.98;34.9
0.12744;0;0;0.448;3;233;17.9;385.41;6.91;6.77;2.9;5.7209;4.84;26.6
0.1415;0;0;0.448;3;233;17.9;383.37;NA;6.169;6.6;5.7209;5.81;25.3
0.15936;0;0;0.448;3;233;17.9;394.46;6.91;6.211;6.5;5.7209;NA;24.7
0.12269;0;0;0.448;3;233;17.9;389.39;6.91;6.069;40;5.7209;9.55;21.2
0.17142;0;0;0.448;3;233;17.9;396.9;6.91;NA;33.8;5.1004;NA;19.3
0.18836;0;0;0.448;3;233;17.9;396.9;6.91;5.786;33.3;5.1004;14.15;20
0.22927;0;0;0.448;3;233;17.9;392.74;6.91;6.03;85.5;5.6894;18.8;16.6
0.25387;0;0;0.448;3;233;17.9;396.9;6.91;5.399;NA;5.87;30.81;14.4
0.21977;0;0;0.448;3;233;17.9;396.9;6.91;5.602;62;6.0877;16.2;19.4
0.08873;21;0;0.439;4;243;16.8;395.56;5.64;5.963;45.7;6.8147;13.45;19.7
0.04337;21;0;0.439;4;243;16.8;393.97;5.64;6.115;NA;6.8147;9.43;20.5
0.0536;21;0;0.439;4;243;16.8;396.9;5.64;6.511;21.1;6.8147;5.28;25
0.04981;21;0;0.439;4;243;16.8;396.9;5.64;5.998;21.4;6.8147;8.43;23.4
0.0136;75;0;0.41;3;469;21.1;396.9;NA;5.888;47.6;7.3197;14.8;18.9
0.01311;90;0;0.403;5;226;17.9;395.93;1.22;7.249;NA;8.6966;4.81;35.4
0.02055;85;0;0.41;2;313;17.3;396.9;0.74;6.383;35.7;9.1876;5.77;24.7
0.01432;100;0;0.411;5;256;15.1;392.9;1.32;6.816;40.5;NA;3.95;31.6
0.15445;25;0;0.453;8;284;19.7;390.68;5.13;6.145;29.2;7.8148;NA;23.3
0.10328;25;0;0.453;8;284;19.7;396.9;5.13;5.927;47.2;6.932;9.22;19.6
0.14932;25;0;0.453;8;284;19.7;395.11;5.13;5.741;66.2;7.2254;13.15;18.7
0.17171;25;0;0.453;8;284;19.7;378.08;NA;5.966;93.4;6.8185;14.44;16
0.11027;25;0;0.453;8;284;19.7;396.9;5.13;6.456;67.8;7.2255;6.73;22.2
0.1265;25;0;0.453;8;284;19.7;395.58;5.13;6.762;43.4;7.9809;9.5;25
0.01951;17.5;0;0.4161;3;216;18.6;393.24;1.38;7.104;59.5;9.2229;8.05;33
0.03584;80;0;0.398;4;337;16.1;396.9;3.37;6.29;17.8;6.6115;4.67;23.5
0.04379;80;0;0.398;4;337;16.1;396.9;3.37;5.787;31.1;6.6115;10.24;19.4
0.05789;12.5;0;0.409;4;345;18.9;396.21;6.07;5.878;21.4;6.498;8.1;22
0.13554;12.5;0;0.409;4;345;18.9;396.9;6.07;NA;36.8;NA;13.09;17.4
0.12816;12.5;0;0.409;4;345;18.9;396.9;6.07;5.885;33;6.498;8.79;20.9
0.08826;0;0;0.413;4;305;19.2;383.73;10.81;6.417;6.6;5.2873;6.72;24.2
0.15876;0;0;0.413;4;305;19.2;376.94;10.81;5.961;17.5;5.2873;9.88;21.7
0.09164;0;0;0.413;4;305;19.2;390.91;10.81;NA;7.8;5.2873;5.52;22.8
0.19539;0;0;0.413;4;305;19.2;377.17;10.81;6.245;NA;5.2873;7.54;23.4
0.07896;0;0;0.437;5;398;18.7;394.92;12.83;6.273;6;4.2515;NA;24.1
0.09512;0;0;0.437;5;398;18.7;383.23;12.83;6.286;45;4.5026;8.94;21.4
0.10153;0;0;0.437;5;398;18.7;373.66;12.83;6.279;74.5;4.0522;11.97;20
0.08707;0;0;0.437;5;398;18.7;386.96;12.83;6.14;45.8;4.0905;10.27;20.8
0.05646;0;0;0.437;5;398;18.7;386.4;12.83;6.232;53.7;5.0141;12.34;21.2
0.08387;0;0;0.437;5;398;18.7;396.06;12.83;5.874;36.6;4.5026;9.1;20.3
0.04113;25;0;0.426;4;281;19;396.9;4.86;6.727;33.5;NA;5.29;28
0.04462;25;0;0.426;4;281;19;395.63;4.86;6.619;70.4;5.4007;NA;23.9
0.03659;25;0;0.426;4;281;19;396.9;4.86;6.302;32.2;5.4007;6.72;24.8
0.03551;25;0;0.426;4;281;19;390.64;4.86;NA;46.7;5.4007;7.51;22.9
0.05059;0;0;0.449;3;247;18.5;396.9;4.49;NA;48;4.7794;9.62;23.9
0.05735;0;0;0.449;3;247;18.5;392.3;4.49;6.63;56.1;4.4377;6.53;26.6
0.05188;0;0;0.449;3;247;18.5;395.99;4.49;NA;45.1;4.4272;12.86;22.5
0.07151;0;0;0.449;3;247;18.5;395.15;4.49;6.121;56.8;3.7476;8.44;22.2
0.0566;0;0;0.489;2;270;17.8;396.9;3.41;7.007;86.3;3.4217;5.5;23.6
0.05302;0;0;0.489;2;270;17.8;396.06;3.41;7.079;63.1;3.4145;5.7;28.7
0.04684;0;0;0.489;2;270;17.8;392.18;3.41;6.417;66.1;3.0923;8.81;22.6
0.03932;0;0;0.489;2;270;17.8;393.55;3.41;6.405;NA;3.0921;8.2;22
0.04203;28;0;0.464;4;270;18.2;395.01;15.04;6.442;53.6;3.6659;8.16;22.9
0.02875;28;0;0.464;4;270;18.2;396.33;15.04;6.211;28.9;3.6659;6.21;25
0.04294;28;0;0.464;4;270;18.2;396.9;15.04;6.249;77.3;3.615;10.59;20.6
0.12204;0;0;0.445;2;276;18;357.98;2.89;6.625;57.8;3.4952;6.65;28.4
0.11504;0;0;0.445;2;276;18;391.83;2.89;6.163;69.6;3.4952;11.34;21.4
0.12083;0;0;0.445;2;276;18;396.9;2.89;8.069;76;3.4952;4.21;38.7
0.08187;0;0;0.445;2;276;18;393.53;2.89;7.82;36.9;3.4952;3.57;43.8
0.0686;0;0;0.445;2;276;18;396.9;2.89;7.416;62.5;3.4952;6.19;33.2
0.14866;0;0;0.52;5;384;20.9;394.76;8.56;6.727;79.9;2.7778;9.42;27.5
0.11432;0;0;0.52;5;384;20.9;395.58;8.56;6.781;71.3;2.8561;7.67;26.5
0.22876;0;0;0.52;5;384;20.9;70.8;8.56;6.405;85.4;2.7147;10.63;18.6
0.21161;0;0;0.52;5;384;20.9;394.47;8.56;6.137;NA;2.7147;13.44;19.3
0.1396;0;0;0.52;5;384;20.9;392.69;8.56;6.167;90;2.421;12.33;20.1
0.13262;0;0;0.52;5;384;20.9;394.05;8.56;5.851;96.7;NA;16.47;19.5
0.1712;0;0;0.52;5;384;20.9;395.67;NA;5.836;91.9;NA;18.66;19.5
0.13117;0;0;0.52;5;384;20.9;387.69;8.56;6.127;85.2;2.1224;NA;20.4
0.12802;0;0;0.52;5;384;20.9;395.24;8.56;6.474;97.1;2.4329;12.27;19.8
0.26363;0;0;0.52;5;384;20.9;391.23;8.56;6.229;91.2;NA;15.55;19.4
0.10793;0;0;0.52;5;384;20.9;393.49;8.56;6.195;54.4;2.7778;13;21.7
0.10084;0;0;0.547;6;432;17.8;395.59;10.01;6.715;81.6;2.6775;10.16;22.8
0.12329;0;0;0.547;6;432;17.8;394.95;10.01;5.913;92.9;2.3534;16.21;18.8
0.22212;0;0;0.547;6;432;17.8;396.9;10.01;6.092;95.4;2.548;17.09;18.7
0.14231;0;0;0.547;6;432;17.8;388.74;10.01;6.254;84.2;2.2565;10.45;18.5
0.17134;0;0;0.547;6;432;17.8;344.91;10.01;5.928;88.2;2.4631;15.76;18.3
0.13158;0;0;0.547;6;432;17.8;393.3;10.01;6.176;72.5;2.7301;NA;21.2
0.15098;0;0;0.547;6;432;17.8;394.51;10.01;6.021;82.6;2.7474;10.3;19.2
0.13058;0;0;0.547;6;432;17.8;338.63;10.01;NA;73.1;2.4775;15.37;20.4
0.14476;0;0;0.547;6;432;17.8;391.5;10.01;5.731;65.2;2.7592;13.61;19.3
0.06899;0;0;0.581;2;188;19.1;389.15;NA;5.87;69.7;2.2577;14.37;22
0.07165;0;0;0.581;2;188;19.1;377.67;25.65;6.004;84.1;2.1974;14.27;20.3
0.09299;0;0;0.581;2;188;19.1;378.09;25.65;5.961;92.9;2.0869;17.93;20.5
0.15038;0;0;0.581;2;188;19.1;370.31;25.65;5.856;97;1.9444;25.41;17.3
0.09849;0;0;0.581;2;188;19.1;379.38;25.65;5.879;95.8;NA;17.58;18.8
0.16902;0;0;0.581;2;188;19.1;385.02;25.65;5.986;88.4;1.9929;14.81;21.4
0.38735;0;0;0.581;2;188;19.1;359.29;25.65;5.613;95.6;1.7572;NA;15.7
0.25915;0;0;0.624;4;437;21.2;392.11;21.89;5.693;96;1.7883;NA;16.2
0.32543;0;0;0.624;4;437;21.2;396.9;21.89;6.431;98.8;1.8125;15.39;18
0.88125;0;0;0.624;4;437;21.2;396.9;21.89;5.637;94.7;1.9799;NA;14.3
0.34006;0;0;0.624;4;437;21.2;395.04;21.89;6.458;98.9;2.1185;12.6;19.2
1.19294;0;0;0.624;4;437;21.2;396.9;NA;6.326;97.7;2.271;12.26;19.6
0.59005;0;0;0.624;4;437;21.2;385.76;21.89;6.372;97.9;2.3274;11.12;23
0.32982;0;0;0.624;4;437;21.2;388.69;21.89;5.822;95.4;2.4699;15.03;18.4
0.97617;0;0;0.624;4;437;21.2;262.76;21.89;5.757;98.4;2.346;17.31;15.6
0.55778;0;0;0.624;4;437;21.2;394.67;NA;6.335;98.2;2.1107;16.96;18.1
0.32264;0;0;0.624;4;437;21.2;378.25;21.89;5.942;93.5;1.9669;16.9;17.4
0.35233;0;0;0.624;4;437;21.2;394.08;21.89;6.454;98.4;1.8498;14.59;17.1
0.2498;0;0;0.624;4;437;21.2;392.04;21.89;5.857;98.2;1.6686;21.32;13.3
0.54452;0;0;0.624;4;437;21.2;396.9;21.89;6.151;97.9;1.6687;18.46;17.8
0.2909;0;0;0.624;4;437;21.2;388.08;21.89;6.174;93.6;1.6119;24.16;14
1.62864;0;0;0.624;4;437;21.2;396.9;21.89;5.019;100;1.4394;34.41;14.4
3.32105;0;1;0.871;5;403;14.7;396.9;19.58;5.403;NA;1.3216;26.82;13.4
4.0974;0;0;0.871;5;403;14.7;396.9;19.58;5.468;100;1.4118;26.42;15.6
2.77974;0;0;0.871;5;403;14.7;396.9;19.58;4.903;97.8;1.3459;29.29;11.8
2.37934;0;0;0.871;5;403;14.7;172.91;19.58;6.13;100;1.4191;27.8;13.8
2.15505;0;0;0.871;5;403;14.7;169.27;19.58;5.628;100;1.5166;16.65;15.6
2.36862;0;0;0.871;5;403;14.7;391.71;19.58;4.926;95.7;1.4608;29.53;14.6
2.33099;0;0;0.871;5;403;14.7;356.99;19.58;NA;93.8;NA;28.32;17.8
2.73397;0;0;0.871;5;403;14.7;351.85;19.58;5.597;94.9;NA;21.45;15.4
1.6566;0;0;0.871;5;403;14.7;372.8;19.58;NA;97.3;1.618;14.1;21.5
1.49632;0;0;0.871;5;403;14.7;341.6;19.58;5.404;100;1.5916;13.28;19.6
1.12658;0;1;0.871;5;403;14.7;343.28;19.58;5.012;NA;1.6102;12.12;15.3
2.14918;0;0;0.871;5;403;14.7;261.95;19.58;5.709;98.5;1.6232;15.79;19.4
1.41385;0;1;0.871;5;403;14.7;321.02;19.58;6.129;96;1.7494;15.12;17
3.53501;0;1;0.871;5;403;14.7;88.01;19.58;6.152;82.6;1.7455;15.02;15.6
2.44668;0;0;0.871;5;403;14.7;88.63;19.58;5.272;94;1.7364;16.14;13.1
1.22358;0;0;0.605;5;403;14.7;363.43;19.58;6.943;97.4;1.8773;4.59;41.3
1.34284;0;0;0.605;5;403;14.7;353.89;19.58;6.066;NA;1.7573;6.43;24.3
1.42502;0;0;0.871;5;403;14.7;364.31;19.58;6.51;100;1.7659;7.39;23.3
1.27346;0;1;0.605;5;403;14.7;338.92;19.58;6.25;92.6;NA;5.5;27
1.46336;0;0;0.605;5;403;14.7;374.43;19.58;7.489;90.8;1.9709;1.73;50
1.83377;0;1;0.605;5;403;14.7;389.61;19.58;7.802;98.2;2.0407;1.92;50
1.51902;0;1;0.605;5;403;14.7;388.45;19.58;8.375;NA;2.162;3.32;50
2.24236;0;0;0.605;5;403;14.7;395.11;19.58;5.854;91.8;NA;11.64;22.7
2.924;0;0;0.605;5;403;14.7;240.16;19.58;6.101;93;2.2834;9.81;25
2.01019;0;0;0.605;5;403;14.7;369.3;19.58;NA;96.2;2.0459;3.7;50
1.80028;0;0;0.605;5;403;14.7;227.61;19.58;5.877;NA;2.4259;12.14;23.8
2.3004;0;0;0.605;5;403;14.7;297.09;19.58;6.319;96.1;2.1;11.1;23.8
2.44953;0;0;0.605;5;403;14.7;330.04;19.58;6.402;95.2;2.2625;11.32;22.3
1.20742;0;0;0.605;5;403;14.7;292.29;19.58;5.875;94.6;2.4259;14.43;17.4
2.3139;0;0;0.605;5;403;14.7;348.13;19.58;5.88;97.3;2.3887;12.03;19.1
0.13914;0;0;0.51;5;296;16.6;396.9;4.05;5.572;88.5;2.5961;14.69;23.1
0.09178;0;0;0.51;5;296;16.6;395.5;4.05;6.416;84.1;2.6463;9.04;23.6
0.08447;0;0;0.51;5;296;16.6;393.23;4.05;5.859;68.7;2.7019;9.64;22.6
0.06664;0;0;0.51;5;296;16.6;390.96;4.05;6.546;33.1;3.1323;5.33;29.4
0.07022;0;0;0.51;5;296;16.6;393.23;4.05;6.02;47.2;3.5549;10.11;23.2
0.05425;0;0;0.51;5;296;16.6;395.6;4.05;6.315;73.4;3.3175;6.29;24.6
0.06642;0;0;0.51;5;296;16.6;391.27;4.05;6.86;74.4;2.9153;6.92;29.9
0.0578;0;0;0.488;3;193;17.8;396.9;2.46;6.98;58.4;2.829;5.04;37.2
0.06588;0;0;0.488;3;193;17.8;395.56;2.46;7.765;83.3;2.741;7.56;39.8
0.06888;0;0;0.488;3;193;17.8;396.9;2.46;6.144;62.2;2.5979;9.45;36.2
0.09103;0;0;0.488;3;193;17.8;394.12;2.46;7.155;92.2;2.7006;4.82;37.9
0.10008;0;0;0.488;3;193;17.8;396.9;2.46;6.563;95.6;2.847;5.68;32.5
0.08308;0;0;0.488;3;193;17.8;391;2.46;5.604;89.8;2.9879;13.98;26.4
0.06047;0;0;0.488;3;193;17.8;387.11;2.46;6.153;68.8;3.2797;13.15;29.6
0.05602;0;0;0.488;3;193;17.8;392.63;2.46;7.831;53.6;3.1992;4.45;50
0.07875;45;0;0.437;5;398;15.2;393.87;3.44;6.782;41.1;3.7886;6.68;32
0.12579;45;0;0.437;5;398;15.2;382.84;3.44;6.556;29.1;4.5667;4.56;29.8
0.0837;45;0;0.437;5;398;15.2;396.9;3.44;7.185;38.9;4.5667;5.39;34.9
0.09068;45;0;0.437;5;398;15.2;377.68;3.44;6.951;21.5;NA;5.1;37
0.06911;45;0;0.437;5;398;15.2;389.71;3.44;6.739;30.8;6.4798;4.69;30.5
0.08664;45;0;0.437;5;398;15.2;390.49;3.44;7.178;26.3;6.4798;2.87;36.4
0.02187;60;0;0.401;1;265;15.6;393.37;2.93;6.8;9.9;6.2196;NA;31.1
0.01439;60;0;0.401;1;265;15.6;376.7;2.93;6.604;18.8;6.2196;4.38;29.1
0.01381;80;0;0.422;4;255;14.4;394.23;0.46;7.875;32;5.6484;2.97;50
0.04011;80;0;0.404;2;329;12.6;396.9;1.52;7.287;34.1;7.309;4.08;33.3
0.04666;80;0;0.404;2;329;12.6;354.31;1.52;7.107;36.6;7.309;8.61;30.3
0.03768;80;0;0.404;2;329;12.6;392.2;1.52;7.274;38.3;7.309;6.62;34.6
0.0315;95;0;0.403;3;402;17;396.9;1.47;6.975;15.3;7.6534;4.56;34.9
0.01778;95;0;0.403;3;402;17;384.3;1.47;7.135;13.9;7.6534;NA;32.9
0.03445;82.5;0;0.415;2;348;14.7;393.77;2.03;6.162;38.4;6.27;7.43;24.1
0.02177;82.5;0;0.415;2;348;14.7;395.38;2.03;7.61;15.7;6.27;3.11;42.3
0.0351;95;0;0.4161;4;224;14.7;392.78;2.68;7.853;33.2;5.118;3.81;48.5
0.02009;95;0;0.4161;4;224;14.7;390.55;2.68;8.034;31.9;5.118;2.88;50
0.13642;0;0;0.489;4;277;18.6;396.9;10.59;5.891;22.3;NA;10.87;22.6
0.22969;0;0;0.489;4;277;18.6;394.87;10.59;6.326;52.5;4.3549;10.97;24.4
0.25199;0;0;0.489;4;277;18.6;389.43;10.59;5.783;72.7;4.3549;18.06;22.5
0.13587;0;1;0.489;4;277;18.6;381.32;10.59;6.064;59.1;4.2392;14.66;24.4
0.43571;0;1;0.489;4;277;18.6;396.9;10.59;5.344;100;3.875;23.09;20
0.17446;0;1;0.489;4;277;18.6;393.25;10.59;5.96;92.1;3.8771;17.27;21.7
0.37578;0;1;0.489;4;277;18.6;395.24;10.59;5.404;88.6;3.665;23.98;19.3
0.21719;0;1;0.489;4;277;18.6;390.94;10.59;5.807;53.8;3.6526;16.03;22.4
0.14052;0;0;0.489;4;277;18.6;385.81;10.59;6.375;NA;3.9454;9.38;28.1
0.28955;0;0;0.489;4;277;18.6;348.93;10.59;5.412;9.8;3.5875;29.55;23.7
0.19802;0;0;0.489;4;277;18.6;393.63;10.59;6.182;42.4;3.9454;9.47;25
0.0456;0;1;0.55;5;276;16.4;392.8;13.89;5.888;56;3.1121;13.51;23.3
0.07013;0;0;0.55;5;276;16.4;392.78;13.89;6.642;85.1;3.4211;9.69;28.7
0.11069;0;1;0.55;5;276;16.4;396.9;13.89;5.951;93.8;2.8893;17.92;21.5
0.11425;0;1;0.55;5;276;16.4;393.74;13.89;6.373;NA;3.3633;10.5;23
0.35809;0;1;0.507;8;307;17.4;391.7;6.2;6.951;88.5;2.8617;NA;26.7
0.40771;0;1;0.507;8;307;17.4;395.24;6.2;6.164;NA;3.048;21.46;21.7
0.62356;0;1;0.507;8;307;17.4;390.39;6.2;6.879;77.7;3.2721;9.93;27.5
0.6147;0;0;0.507;8;307;17.4;396.9;NA;6.618;80.8;NA;7.6;30.1
0.31533;0;0;0.504;8;307;17.4;385.05;6.2;8.266;78.3;2.8944;4.14;44.8
0.52693;0;0;0.504;8;307;17.4;382;6.2;8.725;83;2.8944;4.63;50
0.38214;0;0;0.504;8;307;17.4;387.38;6.2;8.04;86.5;3.2157;3.13;37.6
0.41238;0;0;0.504;8;307;17.4;372.08;6.2;7.163;79.9;3.2157;6.36;31.6
0.29819;0;0;0.504;8;307;17.4;377.51;6.2;7.686;17;3.3751;3.92;46.7
0.44178;0;0;0.504;8;307;17.4;380.34;6.2;6.552;21.4;3.3751;3.76;31.5
0.537;0;0;0.504;8;307;17.4;378.35;6.2;5.981;68.1;3.6715;NA;24.3
0.46296;0;0;0.504;8;307;17.4;376.14;6.2;7.412;76.9;3.6715;5.25;31.7
0.57529;0;0;0.507;8;307;17.4;385.91;6.2;8.337;73.3;3.8384;2.47;41.7
0.33147;0;0;0.507;8;307;17.4;378.95;6.2;8.247;70.4;3.6519;3.95;48.3
0.44791;0;1;0.507;8;307;17.4;360.2;NA;6.726;66.5;3.6519;8.05;29
0.33045;0;0;0.507;8;307;17.4;376.75;6.2;6.086;61.5;3.6519;10.88;24
0.52058;0;1;0.507;8;307;17.4;388.45;6.2;6.631;76.5;4.148;9.54;25.1
0.51183;0;0;0.507;8;307;17.4;390.07;6.2;7.358;71.6;4.148;4.73;31.5
0.08244;30;0;0.428;6;300;16.6;379.41;4.93;6.481;18.5;6.1899;6.36;23.7
0.09252;30;0;0.428;6;300;16.6;383.78;4.93;6.606;42.2;6.1899;7.37;23.3
0.11329;30;0;0.428;6;300;16.6;391.25;4.93;6.897;54.3;6.3361;11.38;22
0.10612;30;0;0.428;6;300;16.6;394.62;4.93;6.095;NA;6.3361;12.4;20.1
0.1029;30;0;0.428;6;300;16.6;372.75;4.93;6.358;52.9;7.0355;11.22;22.2
0.12757;30;0;0.428;6;300;16.6;374.71;4.93;6.393;7.8;NA;5.19;23.7
0.20608;22;0;0.431;7;330;19.1;372.49;5.86;NA;76.5;7.9549;12.5;17.6
0.19133;22;0;0.431;7;330;19.1;389.13;5.86;5.605;70.2;7.9549;18.46;18.5
0.33983;22;0;0.431;7;330;19.1;390.18;5.86;6.108;34.9;8.0555;9.16;24.3
0.19657;22;0;0.431;7;330;19.1;376.14;5.86;6.226;79.2;8.0555;10.15;20.5
0.16439;22;0;0.431;7;330;19.1;374.71;5.86;6.433;49.1;7.8265;9.52;24.5
0.19073;22;0;0.431;7;330;19.1;393.74;5.86;6.718;17.5;7.8265;6.56;26.2
0.1403;22;0;0.431;7;330;19.1;396.28;5.86;6.487;13;7.3967;5.9;24.4
0.21409;22;0;0.431;7;330;19.1;377.07;5.86;6.438;8.9;7.3967;3.59;24.8
0.08221;22;0;0.431;7;330;19.1;386.09;5.86;6.957;6.8;8.9067;3.53;29.6
0.36894;22;0;0.431;7;330;19.1;396.9;5.86;8.259;8.4;8.9067;3.54;42.8
0.04819;80;0;0.392;1;315;16.4;392.89;3.64;6.108;NA;9.2203;6.57;21.9
0.03548;80;0;0.392;1;315;16.4;395.18;3.64;5.876;19.1;9.2203;9.25;20.9
0.01538;90;0;0.394;3;244;15.9;386.34;3.75;NA;34.2;6.3361;3.11;44
0.61154;20;0;0.647;5;264;13;389.7;3.97;8.704;86.9;1.801;5.12;50
0.66351;20;0;0.647;5;264;13;383.29;3.97;7.333;100;1.8946;7.79;36
0.65665;20;0;0.647;5;264;13;391.93;3.97;6.842;100;2.0107;6.9;30.1
0.54011;20;0;0.647;5;264;13;392.8;3.97;7.203;81.8;2.1121;9.59;33.8
0.53412;20;0;0.647;5;264;13;388.37;3.97;7.52;89.4;2.1398;7.26;43.1
0.52014;20;0;0.647;5;264;13;386.86;3.97;8.398;91.5;2.2885;5.91;48.8
0.82526;20;0;0.647;5;264;13;393.42;3.97;7.327;94.5;2.0788;11.25;31
0.55007;20;0;0.647;5;264;13;387.89;3.97;7.206;91.6;1.9301;8.1;36.5
0.76162;20;0;0.647;5;264;13;392.4;3.97;5.56;62.8;1.9865;10.45;22.8
0.7857;20;0;0.647;5;264;13;384.07;3.97;7.014;84.6;2.1329;14.79;30.7
0.57834;20;0;0.575;5;264;13;384.54;3.97;8.297;67;2.4216;7.44;50
0.5405;20;0;0.575;5;264;13;390.3;NA;7.47;52.6;2.872;3.16;43.5
0.09065;20;1;0.464;3;223;18.6;391.34;6.96;5.92;61.5;3.9175;13.65;20.7
0.29916;20;0;0.464;3;223;18.6;388.65;6.96;5.856;42.1;NA;13;21.1
0.16211;20;0;0.464;3;223;18.6;396.9;6.96;6.24;16.3;4.429;6.59;25.2
0.1146;20;0;0.464;3;223;18.6;394.96;6.96;6.538;58.7;3.9175;7.73;24.4
0.22188;20;1;0.464;3;223;18.6;390.77;6.96;7.691;51.8;4.3665;6.58;35.2
0.05644;40;1;0.447;4;254;17.6;396.9;6.41;6.758;32.9;4.0776;3.53;32.4
0.09604;40;0;0.447;4;254;17.6;396.9;6.41;6.854;42.8;4.2673;2.98;32
0.10469;40;1;0.447;4;254;17.6;389.25;6.41;7.267;49;4.7872;6.05;33.2
0.06127;40;1;0.447;4;254;17.6;393.45;6.41;NA;27.6;4.8628;4.16;33.1
0.07978;40;0;0.447;4;254;17.6;396.9;6.41;6.482;32.1;4.1403;7.19;29.1
0.21038;20;0;0.4429;5;216;14.9;396.9;3.33;6.812;32.2;4.1007;4.85;35.1
0.03578;20;0;0.4429;5;216;14.9;387.31;3.33;7.82;64.5;4.6947;3.76;45.4
0.03705;20;0;0.4429;5;216;14.9;392.23;3.33;6.968;37.2;5.2447;4.59;35.4
0.06129;20;1;0.4429;5;216;14.9;377.07;3.33;7.645;49.7;5.2119;3.01;46
0.01501;90;1;0.401;1;198;13.6;395.52;1.21;7.923;24.8;5.885;3.16;50
0.00906;90;0;0.4;1;285;15.3;394.72;2.97;7.088;20.8;7.3073;7.85;32.2
0.01096;55;0;0.389;1;300;15.3;394.72;2.25;6.453;31.9;7.3073;8.23;22
0.01965;80;0;0.385;1;241;18.2;341.6;NA;6.23;31.5;9.0892;12.93;20.1
0.03871;52.5;0;0.405;6;293;16.6;396.9;5.32;6.209;31.3;7.3172;7.14;23.2
0.0459;52.5;0;0.405;6;293;16.6;396.9;5.32;6.315;45.6;7.3172;7.6;22.3
0.04297;52.5;0;0.405;6;293;16.6;371.72;5.32;6.565;22.9;7.3172;9.51;24.8
0.03502;80;0;0.411;4;245;19.2;396.9;4.95;6.861;27.9;5.1167;3.33;28.5
0.07886;80;0;0.411;4;245;19.2;396.9;4.95;7.148;27.7;NA;NA;37.3
0.03615;80;0;0.411;4;245;19.2;396.9;4.95;6.63;23.4;5.1167;4.7;27.9
0.08265;0;0;0.437;4;289;16;396.9;NA;6.127;18.4;5.5027;8.58;23.9
0.08199;0;0;0.437;4;289;16;396.9;13.92;6.009;42.3;5.5027;10.4;21.7
0.12932;0;0;0.437;4;289;16;396.9;13.92;6.678;31.1;5.9604;6.27;28.6
0.05372;0;0;0.437;4;289;16;392.85;NA;6.549;51;5.9604;7.39;27.1
0.14103;0;0;0.437;4;289;16;396.9;13.92;5.79;58;NA;15.84;20.3
0.06466;70;0;0.4;5;358;14.8;368.24;2.24;NA;20.1;7.8278;4.97;22.5
0.05561;70;0;0.4;5;358;14.8;371.58;2.24;NA;10;7.8278;4.74;29
0.04417;70;0;0.4;5;358;14.8;390.86;2.24;6.871;47.4;7.8278;6.07;24.8
0.03537;34;0;0.433;7;329;16.1;395.75;6.09;6.59;40.4;5.4917;9.5;22
0.09266;34;0;0.433;7;329;16.1;383.61;6.09;6.495;18.4;5.4917;8.67;26.4
0.1;34;0;0.433;7;329;16.1;390.43;6.09;6.982;17.7;5.4917;4.86;33.1
0.05515;33;0;0.472;7;222;18.4;393.68;2.18;7.236;41.1;4.022;6.93;36.1
0.05479;33;0;0.472;7;222;18.4;393.36;2.18;NA;58.1;3.37;8.93;28.4
0.07503;33;0;0.472;7;222;18.4;396.9;2.18;7.42;71.9;3.0992;6.47;33.4
0.04932;33;0;0.472;7;222;18.4;396.9;2.18;6.849;70.3;NA;7.53;28.2
0.49298;0;0;0.544;4;304;18.4;396.9;9.9;6.635;82.5;3.3175;NA;22.8
0.3494;0;0;0.544;4;304;18.4;396.24;9.9;5.972;76.7;3.1025;9.97;20.3
2.63548;0;0;0.544;4;304;18.4;350.45;9.9;4.973;37.8;2.5194;12.64;16.1
0.79041;0;0;0.544;4;304;18.4;396.9;9.9;6.122;52.8;2.6403;5.98;22.1
0.26169;0;0;0.544;4;304;18.4;396.3;9.9;6.023;90.4;2.834;11.72;19.4
0.26938;0;0;0.544;4;304;18.4;393.39;9.9;6.266;82.8;NA;7.9;21.6
0.3692;0;0;0.544;4;304;18.4;395.69;9.9;6.567;87.3;3.6023;NA;23.8
0.25356;0;0;0.544;4;304;18.4;396.42;9.9;5.705;77.7;3.945;11.5;16.2
0.31827;0;0;0.544;4;304;18.4;390.7;9.9;5.914;83.2;3.9986;18.33;17.8
0.24522;0;0;0.544;4;304;18.4;396.9;9.9;5.782;71.7;NA;15.94;19.8
0.40202;0;0;0.544;4;304;18.4;395.21;9.9;6.382;67.2;NA;10.36;23.1
0.47547;0;0;0.544;4;304;18.4;396.23;9.9;6.113;58.8;4.0019;12.73;21
0.1676;0;0;0.493;5;287;19.6;396.9;7.38;6.426;NA;4.5404;7.2;23.8
0.18159;0;0;0.493;5;287;19.6;396.9;7.38;6.376;54.3;4.5404;6.87;23.1
0.35114;0;0;0.493;5;287;19.6;396.9;7.38;6.041;49.9;4.7211;7.7;20.4
0.28392;0;0;0.493;5;287;19.6;391.13;7.38;5.708;74.3;4.7211;11.74;18.5
0.34109;0;0;0.493;5;287;19.6;396.9;7.38;6.415;40.1;4.7211;6.12;25
0.19186;0;0;0.493;5;287;19.6;393.68;7.38;6.431;14.7;5.4159;5.08;24.6
0.30347;0;0;0.493;5;287;19.6;396.9;7.38;6.312;28.9;5.4159;6.15;23
0.24103;0;0;0.493;5;287;19.6;396.9;7.38;6.083;43.7;5.4159;12.79;22.2
0.06617;0;0;0.46;4;430;16.9;382.44;3.24;5.868;25.8;5.2146;9.97;19.3
0.06724;0;0;0.46;4;430;16.9;375.21;3.24;6.333;17.2;5.2146;7.34;22.6
0.04544;0;0;0.46;4;430;16.9;368.57;3.24;6.144;32.2;5.8736;9.09;19.8
0.05023;35;0;0.4379;1;304;16.9;394.02;6.06;5.706;28.4;6.6407;12.43;17.1
0.03466;35;0;0.4379;1;304;16.9;362.25;6.06;6.031;23.3;6.6407;7.83;19.4
0.05083;0;0;0.515;5;224;20.2;389.71;5.19;6.316;38.1;6.4584;5.68;22.2
0.03738;0;0;0.515;5;224;20.2;389.4;5.19;6.31;38.5;6.4584;6.75;20.7
0.03961;0;0;0.515;5;224;20.2;396.9;5.19;6.037;34.5;5.9853;8.01;21.1
0.03427;0;0;0.515;5;224;20.2;396.9;5.19;5.869;46.3;5.2311;9.8;19.5
0.03041;0;0;0.515;5;224;20.2;394.81;5.19;5.895;59.6;5.615;10.56;18.5
0.03306;0;0;0.515;5;224;20.2;396.14;5.19;6.059;37.3;4.8122;8.51;20.6
0.05497;0;0;0.515;5;224;20.2;396.9;5.19;5.985;45.4;4.8122;9.74;19
0.06151;0;0;0.515;5;224;20.2;396.9;5.19;5.968;58.5;4.8122;9.29;18.7
0.01301;35;0;0.442;1;284;15.5;394.74;1.52;7.241;49.3;7.0379;5.49;32.7
0.02498;0;0;0.518;1;422;15.9;389.96;1.89;6.54;59.7;6.2669;8.65;16.5
0.02543;55;0;0.484;5;370;17.6;396.9;NA;6.696;56.4;NA;7.18;23.9
0.03049;55;0;0.484;5;370;17.6;387.97;3.78;6.874;28.1;6.4654;4.61;31.2
0.03113;0;0;0.442;3;352;18.8;385.64;4.39;6.014;48.5;8.0136;10.53;17.5
0.06162;0;0;0.442;3;352;18.8;364.61;4.39;NA;52.3;8.0136;12.67;17.2
0.0187;85;0;0.429;4;351;17.9;392.43;4.15;6.516;27.7;8.5353;6.36;23.1
0.01501;80;0;0.435;4;280;17;390.94;2.01;6.635;29.7;8.344;NA;24.5
0.02899;40;0;0.429;1;335;19.7;389.85;NA;6.939;34.5;8.7921;5.89;26.6
0.06211;40;0;0.429;1;335;19.7;396.9;1.25;6.49;NA;8.7921;5.98;22.9
0.0795;60;0;0.411;4;411;18.3;370.78;1.69;NA;35.9;10.7103;5.49;24.1
0.07244;60;0;0.411;4;411;18.3;392.33;1.69;5.884;18.5;10.7103;7.79;18.6
0.01709;90;0;0.41;5;187;17;384.46;2.02;6.728;36.1;12.1265;4.5;30.1
0.04301;80;0;0.413;4;334;22;382.8;1.91;5.663;21.9;10.5857;8.05;18.2
0.10659;80;0;0.413;4;334;22;376.04;1.91;5.936;19.5;10.5857;5.57;20.6
8.98296;0;1;0.77;24;666;20.2;377.73;18.1;6.212;97.4;2.1222;17.6;17.8
3.8497;0;1;0.77;24;666;20.2;391.34;18.1;6.395;91;2.5052;13.27;21.7
5.20177;0;1;0.77;24;666;20.2;395.43;18.1;6.127;83.4;2.7227;11.48;22.7
4.26131;0;0;0.77;24;666;20.2;390.74;18.1;6.112;81.3;2.5091;12.67;22.6
4.54192;0;0;0.77;24;666;20.2;374.56;18.1;6.398;88;2.5182;7.79;25
3.83684;0;0;0.77;24;666;20.2;350.65;18.1;6.251;91.1;2.2955;14.19;19.9
3.67822;0;0;0.77;24;666;20.2;380.79;18.1;5.362;96.2;2.1036;10.19;20.8
4.22239;0;1;0.77;24;666;20.2;353.04;18.1;5.803;89;1.9047;14.64;16.8
3.47428;0;1;0.718;24;666;20.2;354.55;NA;8.78;82.9;1.9047;5.29;21.9
4.55587;0;0;0.718;24;666;20.2;354.7;18.1;3.561;87.9;1.6132;7.12;27.5
3.69695;0;0;0.718;24;666;20.2;316.03;18.1;4.963;91.4;1.7523;14;21.9
13.5222;0;0;0.631;24;666;20.2;131.42;18.1;3.863;100;1.5106;13.33;23.1
4.89822;0;0;0.631;24;666;20.2;375.52;18.1;4.97;100;1.3325;3.26;50
5.66998;0;1;0.631;24;666;20.2;375.33;18.1;6.683;96.8;1.3567;3.73;50
6.53876;0;1;0.631;24;666;20.2;392.05;18.1;7.016;97.5;1.2024;2.96;50
9.2323;0;0;0.631;24;666;20.2;366.15;18.1;6.216;100;1.1691;9.53;50
8.26725;0;1;0.668;24;666;20.2;347.88;18.1;NA;89.6;NA;8.88;50
11.1081;0;0;0.668;24;666;20.2;396.9;NA;4.906;100;1.1742;34.77;13.8
18.4982;0;0;0.668;24;666;20.2;396.9;18.1;4.138;100;1.137;NA;13.8
19.6091;0;0;0.671;24;666;20.2;396.9;18.1;7.313;97.9;1.3163;13.44;15
15.288;0;0;0.671;24;666;20.2;363.02;18.1;6.649;93.3;1.3449;23.24;13.9
9.82349;0;0;0.671;24;666;20.2;396.9;18.1;6.794;98.8;1.358;21.24;13.3
23.6482;0;0;0.671;24;666;20.2;396.9;18.1;6.38;96.2;1.3861;23.69;13.1
17.8667;0;0;0.671;24;666;20.2;393.74;18.1;6.223;100;1.3861;21.78;10.2
88.9762;0;0;0.671;24;666;20.2;396.9;18.1;6.968;91.9;1.4165;17.21;10.4
15.8744;0;0;0.671;24;666;20.2;396.9;18.1;6.545;99.1;1.5192;21.08;10.9
9.18702;0;0;0.7;24;666;20.2;396.9;18.1;5.536;100;1.5804;23.6;11.3
7.99248;0;0;0.7;24;666;20.2;396.9;18.1;5.52;100;1.5331;24.56;12.3
20.0849;0;0;0.7;24;666;20.2;285.83;18.1;4.368;91.2;1.4395;30.63;8.8
16.8118;0;0;0.7;24;666;20.2;396.9;18.1;5.277;98.1;1.4261;30.81;7.2
24.3938;0;0;0.7;24;666;20.2;396.9;18.1;4.652;100;NA;28.28;10.5
22.5971;0;0;0.7;24;666;20.2;396.9;18.1;5;89.5;1.5184;31.99;7.4
14.3337;0;0;0.7;24;666;20.2;372.92;18.1;4.88;100;1.5895;NA;10.2
8.15174;0;0;0.7;24;666;20.2;396.9;NA;5.39;98.9;1.7281;20.85;11.5
6.96215;0;0;0.7;24;666;20.2;394.43;NA;5.713;97;1.9265;17.11;15.1
5.29305;0;0;0.7;24;666;20.2;378.38;18.1;6.051;82.5;NA;18.76;23.2
11.5779;0;0;0.7;24;666;20.2;396.9;18.1;5.036;97;1.77;25.68;9.7
8.64476;0;0;0.693;24;666;20.2;396.9;18.1;6.193;NA;1.7912;15.17;13.8
13.3598;0;0;0.693;24;666;20.2;396.9;18.1;5.887;94.7;1.7821;NA;12.7
8.71675;0;0;0.693;24;666;20.2;391.98;18.1;6.471;98.8;NA;17.12;13.1
5.87205;0;0;0.693;24;666;20.2;396.9;18.1;6.405;96;1.6768;19.37;12.5
7.67202;0;0;0.693;24;666;20.2;393.1;18.1;5.747;98.9;1.6334;19.92;8.5
38.3518;0;0;0.693;24;666;20.2;396.9;18.1;5.453;100;1.4896;30.59;5
9.91655;0;0;0.693;24;666;20.2;338.16;18.1;NA;77.8;1.5004;29.97;6.3
25.0461;0;0;0.693;24;666;20.2;396.9;18.1;5.987;100;1.5888;26.77;5.6
14.2362;0;0;0.693;24;666;20.2;396.9;18.1;6.343;100;1.5741;20.32;7.2
9.59571;0;0;0.693;24;666;20.2;376.11;NA;6.404;100;1.639;20.31;12.1
24.8017;0;0;0.693;24;666;20.2;396.9;18.1;5.349;96;1.7028;19.77;8.3
41.5292;0;0;0.693;24;666;20.2;329.46;18.1;5.531;85.4;1.6074;27.38;8.5
67.9208;0;0;0.693;24;666;20.2;384.97;18.1;5.683;100;1.4254;22.98;5
20.7162;0;0;0.659;24;666;20.2;370.22;18.1;4.138;100;1.1781;23.34;11.9
11.9511;0;0;0.659;24;666;20.2;332.09;18.1;5.608;100;1.2852;12.13;27.9
7.40389;0;0;0.597;24;666;20.2;314.64;18.1;5.617;97.9;1.4547;26.4;17.2
14.4383;0;0;0.597;24;666;20.2;179.36;18.1;6.852;100;1.4655;19.78;27.5
51.1358;0;0;0.597;24;666;20.2;2.6;18.1;5.757;100;1.413;10.11;15
14.0507;0;0;0.597;24;666;20.2;35.05;18.1;NA;100;1.5275;21.22;17.2
18.811;0;0;0.597;24;666;20.2;28.79;18.1;4.628;100;1.5539;34.37;17.9
28.6558;0;0;0.597;24;666;20.2;210.97;18.1;5.155;100;1.5894;20.08;16.3
45.7461;0;0;0.693;24;666;20.2;88.27;18.1;4.519;100;1.6582;36.98;7
18.0846;0;0;0.679;24;666;20.2;27.25;18.1;6.434;100;1.8347;29.05;7.2
10.8342;0;0;0.679;24;666;20.2;21.57;18.1;6.782;90.8;1.8195;25.79;7.5
25.9406;0;0;0.679;24;666;20.2;127.36;18.1;5.304;89.1;1.6475;26.64;10.4
73.5341;0;0;0.679;24;666;20.2;16.45;18.1;5.957;100;1.8026;20.62;8.8
11.8123;0;0;0.718;24;666;20.2;48.45;18.1;NA;76.5;1.794;22.74;8.4
11.0874;0;0;0.718;24;666;20.2;318.75;18.1;6.411;100;1.8589;15.02;16.7
7.02259;0;0;0.718;24;666;20.2;319.98;18.1;6.006;95.3;NA;15.7;14.2
12.0482;0;0;0.614;24;666;20.2;291.55;18.1;5.648;87.6;1.9512;14.1;20.8
7.05042;0;0;0.614;24;666;20.2;2.52;18.1;6.103;85.1;2.0218;23.29;13.4
8.79212;0;0;0.584;24;666;20.2;3.65;18.1;5.565;70.6;2.0635;17.16;11.7
15.8603;0;0;0.679;24;666;20.2;7.68;NA;5.896;95.4;1.9096;24.39;8.3
12.2472;0;0;0.584;24;666;20.2;24.65;18.1;5.837;59.7;1.9976;15.69;10.2
37.6619;0;0;0.679;24;666;20.2;18.82;18.1;6.202;78.7;1.8629;14.52;10.9
7.36711;0;0;0.679;24;666;20.2;96.73;18.1;6.193;78.1;1.9356;21.52;11
9.33889;0;0;0.679;24;666;20.2;60.72;18.1;6.38;95.6;1.9682;NA;9.5
8.49213;0;0;0.584;24;666;20.2;83.45;18.1;6.348;86.1;2.0527;17.64;14.5
10.0623;0;0;0.584;24;666;20.2;81.33;18.1;6.833;94.3;2.0882;19.69;14.1
6.44405;0;0;0.584;24;666;20.2;97.95;18.1;6.425;74.8;2.2004;12.03;16.1
5.58107;0;0;0.713;24;666;20.2;100.19;18.1;6.436;87.9;2.3158;16.22;14.3
13.9134;0;0;0.713;24;666;20.2;100.63;18.1;NA;95;2.2222;15.17;11.7
11.1604;0;0;0.74;24;666;20.2;109.85;18.1;NA;94.6;2.1247;23.27;13.4
14.4208;0;0;0.74;24;666;20.2;27.49;18.1;6.461;93.3;2.0026;18.05;9.6
15.1772;0;0;0.74;24;666;20.2;9.32;18.1;6.152;100;1.9142;26.45;8.7
13.6781;0;0;0.74;24;666;20.2;68.95;18.1;5.935;NA;1.8206;34.02;8.4
9.39063;0;0;0.74;24;666;20.2;396.9;18.1;5.627;93.9;1.8172;22.88;12.8
22.0511;0;0;0.74;24;666;20.2;391.45;18.1;5.818;92.4;1.8662;22.11;10.5
9.72418;0;0;0.74;24;666;20.2;385.96;NA;6.406;97.2;2.0651;19.52;17.1
5.66637;0;0;0.74;24;666;20.2;395.69;18.1;6.219;100;2.0048;16.59;18.4
9.96654;0;0;0.74;24;666;20.2;386.73;18.1;6.485;100;1.9784;18.85;15.4
12.8023;0;0;0.74;24;666;20.2;240.52;NA;5.854;NA;1.8956;23.79;10.8
10.6718;0;0;0.74;24;666;20.2;43.06;18.1;6.459;94.8;1.9879;23.98;11.8
6.28807;0;0;0.74;24;666;20.2;318.01;18.1;6.341;96.4;2.072;NA;14.9
9.92485;0;0;0.74;24;666;20.2;388.52;18.1;6.251;96.6;2.198;16.44;12.6
9.32909;0;0;0.713;24;666;20.2;396.9;18.1;6.185;98.7;2.2616;18.13;14.1
7.52601;0;0;0.713;24;666;20.2;304.21;18.1;6.417;98.3;2.185;19.31;13
6.71772;0;0;0.713;24;666;20.2;0.32;18.1;6.749;92.6;2.3236;17.44;13.4
5.44114;0;0;0.713;24;666;20.2;355.29;18.1;6.655;98.2;2.3552;17.73;15.2
5.09017;0;0;0.713;24;666;20.2;385.09;18.1;6.297;91.8;2.3682;NA;16.1
8.24809;0;0;0.713;24;666;20.2;375.87;18.1;7.393;99.3;2.4527;16.74;17.8
9.51363;0;0;0.713;24;666;20.2;6.68;18.1;6.728;94.1;2.4961;18.71;14.9
4.75237;0;0;0.713;24;666;20.2;50.92;18.1;6.525;86.5;2.4358;18.13;14.1
4.66883;0;0;0.713;24;666;20.2;10.48;18.1;5.976;87.9;2.5806;NA;12.7
8.20058;0;0;0.713;24;666;20.2;3.5;18.1;5.936;80.3;2.7792;16.94;13.5
7.75223;0;0;0.713;24;666;20.2;272.21;18.1;6.301;83.7;2.7831;16.23;14.9
6.80117;0;0;0.713;24;666;20.2;396.9;18.1;6.081;84.4;2.7175;14.7;20
4.81213;0;0;0.713;24;666;20.2;255.23;18.1;6.701;90;2.5975;16.42;16.4
3.69311;0;0;0.713;24;666;20.2;391.43;18.1;6.376;88.4;2.5671;14.65;17.7
6.65492;0;0;0.713;24;666;20.2;396.9;18.1;6.317;83;2.7344;13.99;19.5
5.82115;0;0;0.713;24;666;20.2;393.82;18.1;6.513;89.9;2.8016;10.29;20.2
7.83932;0;0;0.655;24;666;20.2;396.9;18.1;6.209;65.4;2.9634;13.22;21.4
3.1636;0;0;0.655;24;666;20.2;334.4;18.1;5.759;48.2;3.0665;14.13;19.9
3.77498;0;0;0.655;24;666;20.2;22.01;18.1;5.952;84.7;2.8715;17.15;19
4.42228;0;0;0.584;24;666;20.2;331.29;18.1;6.003;94.5;2.5403;21.32;19.1
15.5757;0;0;0.58;24;666;20.2;368.74;18.1;5.926;71;2.9084;18.13;19.1
13.0751;0;0;0.58;24;666;20.2;396.9;18.1;5.713;56.7;2.8237;14.76;20.1
4.34879;0;0;0.58;24;666;20.2;396.9;18.1;6.167;84;3.0334;16.29;19.9
4.03841;0;0;0.532;24;666;20.2;395.33;18.1;6.229;90.7;3.0993;12.87;19.6
3.56868;0;0;0.58;24;666;20.2;393.37;18.1;6.437;75;2.8965;14.36;23.2
4.64689;0;0;0.614;24;666;20.2;374.68;18.1;6.98;67.6;2.5329;11.66;29.8
8.05579;0;0;0.584;24;666;20.2;352.58;NA;5.427;95.4;2.4298;18.14;13.8
6.39312;0;0;0.584;24;666;20.2;302.76;18.1;6.162;97.4;2.206;24.1;13.3
4.87141;0;0;0.614;24;666;20.2;396.21;18.1;6.484;93.6;2.3053;18.68;16.7
15.0234;0;0;0.614;24;666;20.2;349.48;18.1;5.304;97.3;2.1007;24.91;12
10.233;0;0;0.614;24;666;20.2;379.7;18.1;6.185;96.7;2.1705;18.03;14.6
14.3337;0;0;0.614;24;666;20.2;383.32;18.1;6.229;88;1.9512;13.11;21.4
5.82401;0;0;0.532;24;666;20.2;396.9;18.1;6.242;64.7;3.4242;10.74;23
5.70818;0;0;0.532;24;666;20.2;393.07;NA;6.75;74.9;3.3317;7.74;23.7
5.73116;0;0;0.532;24;666;20.2;395.28;18.1;7.061;77;3.4106;7.01;25
2.81838;0;0;0.532;24;666;20.2;392.92;18.1;5.762;40.3;NA;10.42;21.8
2.37857;0;0;0.583;24;666;20.2;370.73;18.1;5.871;41.9;3.724;13.34;20.6
3.67367;0;0;0.583;24;666;20.2;388.62;18.1;6.312;51.9;3.9917;NA;21.2
5.69175;0;0;0.583;24;666;20.2;392.68;18.1;6.114;79.8;3.5459;14.98;19.1
4.83567;0;0;0.583;24;666;20.2;388.22;18.1;5.905;53.2;3.1523;11.45;20.6
0.15086;0;0;0.609;4;711;20.1;395.09;27.74;5.454;92.7;1.8209;18.06;15.2
0.18337;0;0;0.609;4;711;20.1;344.05;27.74;5.414;98.3;1.7554;23.97;7
0.20746;0;0;0.609;4;711;20.1;318.43;27.74;5.093;98;1.8226;29.68;8.1
0.10574;0;0;0.609;4;711;20.1;390.11;27.74;5.983;98.8;1.8681;18.07;13.6
0.11132;0;0;0.609;4;711;20.1;396.9;27.74;5.983;83.5;2.1099;13.35;20.1
0.17331;0;0;0.585;6;391;19.2;396.9;9.69;5.707;54;2.3817;12.01;21.8
0.27957;0;0;0.585;6;391;19.2;396.9;9.69;5.926;42.6;2.3817;13.59;24.5
0.17899;0;0;0.585;6;391;19.2;393.29;9.69;5.67;28.8;2.7986;17.6;23.1
0.2896;0;0;0.585;6;391;19.2;396.9;9.69;5.39;72.9;2.7986;21.14;19.7
0.26838;0;0;0.585;6;391;19.2;396.9;9.69;5.794;70.6;2.8927;14.1;18.3
0.23912;0;0;0.585;6;391;19.2;396.9;9.69;6.019;65.3;2.4091;12.92;21.2
0.17783;0;0;0.585;6;391;19.2;395.77;9.69;5.569;73.5;2.3999;15.1;17.5
0.22438;0;0;0.585;6;391;19.2;396.9;9.69;6.027;79.7;2.4982;14.33;16.8
0.06263;0;0;0.573;1;273;21;391.99;11.93;6.593;69.1;2.4786;9.67;22.4
0.04527;0;0;0.573;1;273;21;396.9;11.93;6.12;76.7;2.2875;9.08;20.6
0.06076;0;0;0.573;1;273;21;396.9;11.93;NA;91;2.1675;5.64;23.9
0.10959;0;0;0.573;1;273;21;393.45;11.93;6.794;89.3;2.3889;6.48;22
0.04741;0;0;0.573;1;273;21;396.9;11.93;NA;80.8;2.505;7.88;11.9
